Texto,Emoción
¡Esa montaña rusa fue increíblemente emocionante! (Variación 75),Sorpresa
Gané la lotería y puedo comprar la casa de mis sueños. (Variación 51),Felicidad
"Perdí a mi mejor amigo, me siento muy solo.",Tristeza
Gané la lotería y puedo comprar la casa de mis sueños. (Variación 95),Felicidad
No puedo soportar el olor de la comida descompuesta. (Variación 133),Asco
¡Esa montaña rusa fue increíblemente emocionante! (Variación 114),Sorpresa
Gané la lotería y puedo comprar la casa de mis sueños. (Variación 98),Felicidad
No puedo soportar el olor de la comida descompuesta. (Variación 46),Asco
No puedo creer que me hayan mentido de esa manera. (Variación 24),Enojo
¡Esa montaña rusa fue increíblemente emocionante! (Variación 25),Sorpresa
¡Esa montaña rusa fue increíblemente emocionante! (Variación 141),Sorpresa
¡Esa montaña rusa fue increíblemente emocionante! (Variación 113),Sorpresa
Gané la lotería y puedo comprar la casa de mis sueños. (Variación 119),Felicidad
Gané la lotería y puedo comprar la casa de mis sueños.,Felicidad
"Perdí a mi mejor amigo, me siento muy solo. (Variación 133)",Tristeza
No puedo soportar el olor de la comida descompuesta. (Variación 4),Asco
¡Esa montaña rusa fue increíblemente emocionante! (Variación 142),Sorpresa
No puedo soportar el olor de la comida descompuesta. (Variación 104),Asco
No puedo soportar el olor de la comida descompuesta. (Variación 25),Asco
No puedo creer que me hayan mentido de esa manera. (Variación 142),Enojo
Gané la lotería y puedo comprar la casa de mis sueños. (Variación 96),Felicidad
¡Esa montaña rusa fue increíblemente emocionante! (Variación 44),Sorpresa
¡Esa montaña rusa fue increíblemente emocionante! (Variación 5),Sorpresa
Escuchar esos ruidos por la noche me da mucho miedo. (Variación 14),Miedo
No puedo soportar el olor de la comida descompuesta. (Variación 53),Asco
No puedo soportar el olor de la comida descompuesta. (Variación 80),Asco
No puedo creer que me hayan mentido de esa manera. (Variación 83),Enojo
No puedo creer que me hayan mentido de esa manera. (Variación 133),Enojo
No puedo creer que me hayan mentido de esa manera. (Variación 18),Enojo
Escuchar esos ruidos por la noche me da mucho miedo. (Variación 124),Miedo
Gané la lotería y puedo comprar la casa de mis sueños. (Variación 20),Felicidad
¡Esa montaña rusa fue increíblemente emocionante! (Variación 139),Sorpresa
Escuchar esos ruidos por la noche me da mucho miedo. (Variación 61),Miedo
Escuchar esos ruidos por la noche me da mucho miedo. (Variación 148),Miedo
Escuchar esos ruidos por la noche me da mucho miedo. (Variación 135),Miedo
Escuchar esos ruidos por la noche me da mucho miedo. (Variación 42),Miedo
¡Esa montaña rusa fue increíblemente emocionante! (Variación 138),Sorpresa
Gané la lotería y puedo comprar la casa de mis sueños. (Variación 49),Felicidad
Gané la lotería y puedo comprar la casa de mis sueños. (Variación 1),Felicidad
Escuchar esos ruidos por la noche me da mucho miedo. (Variación 87),Miedo
Escuchar esos ruidos por la noche me da mucho miedo. (Variación 71),Miedo
Gané la lotería y puedo comprar la casa de mis sueños. (Variación 45),Felicidad
No puedo soportar el olor de la comida descompuesta. (Variación 48),Asco
No puedo soportar el olor de la comida descompuesta. (Variación 65),Asco
No puedo soportar el olor de la comida descompuesta. (Variación 55),Asco
"Perdí a mi mejor amigo, me siento muy solo. (Variación 15)",Tristeza
"Perdí a mi mejor amigo, me siento muy solo. (Variación 69)",Tristeza
"Perdí a mi mejor amigo, me siento muy solo. (Variación 122)",Tristeza
¡Esa montaña rusa fue increíblemente emocionante! (Variación 133),Sorpresa
¡Esa montaña rusa fue increíblemente emocionante! (Variación 144),Sorpresa
"Perdí a mi mejor amigo, me siento muy solo. (Variación 134)",Tristeza
"Perdí a mi mejor amigo, me siento muy solo. (Variación 116)",Tristeza
No puedo creer que me hayan mentido de esa manera. (Variación 128),Enojo
"Perdí a mi mejor amigo, me siento muy solo. (Variación 98)",Tristeza
"Perdí a mi mejor amigo, me siento muy solo. (Variación 70)",Tristeza
No puedo creer que me hayan mentido de esa manera. (Variación 96),Enojo
Escuchar esos ruidos por la noche me da mucho miedo. (Variación 118),Miedo
Gané la lotería y puedo comprar la casa de mis sueños. (Variación 23),Felicidad
No puedo soportar el olor de la comida descompuesta. (Variación 67),Asco
"Perdí a mi mejor amigo, me siento muy solo. (Variación 147)",Tristeza
No puedo soportar el olor de la comida descompuesta. (Variación 137),Asco
Gané la lotería y puedo comprar la casa de mis sueños. (Variación 27),Felicidad
Gané la lotería y puedo comprar la casa de mis sueños. (Variación 65),Felicidad
No puedo creer que me hayan mentido de esa manera. (Variación 83),Enojo
No puedo soportar el olor de la comida descompuesta. (Variación 31),Asco
No puedo soportar el olor de la comida descompuesta. (Variación 132),Asco
Escuchar esos ruidos por la noche me da mucho miedo. (Variación 39),Miedo
Gané la lotería y puedo comprar la casa de mis sueños. (Variación 134),Felicidad
"Perdí a mi mejor amigo, me siento muy solo. (Variación 130)",Tristeza
"Perdí a mi mejor amigo, me siento muy solo. (Variación 8)",Tristeza
Gané la lotería y puedo comprar la casa de mis sueños. (Variación 53),Felicidad
No puedo creer que me hayan mentido de esa manera. (Variación 76),Enojo
Escuchar esos ruidos por la noche me da mucho miedo. (Variación 84),Miedo
Escuchar esos ruidos por la noche me da mucho miedo. (Variación 45),Miedo
No puedo soportar el olor de la comida descompuesta. (Variación 47),Asco
"Perdí a mi mejor amigo, me siento muy solo. (Variación 35)",Tristeza
No puedo soportar el olor de la comida descompuesta. (Variación 33),Asco
No puedo soportar el olor de la comida descompuesta. (Variación 145),Asco
"Perdí a mi mejor amigo, me siento muy solo. (Variación 79)",Tristeza
¡Esa montaña rusa fue increíblemente emocionante! (Variación 40),Sorpresa
"Perdí a mi mejor amigo, me siento muy solo. (Variación 25)",Tristeza
"Perdí a mi mejor amigo, me siento muy solo. (Variación 72)",Tristeza
¡Esa montaña rusa fue increíblemente emocionante! (Variación 40),Sorpresa
¡Esa montaña rusa fue increíblemente emocionante! (Variación 95),Sorpresa
"Perdí a mi mejor amigo, me siento muy solo. (Variación 38)",Tristeza
No puedo soportar el olor de la comida descompuesta. (Variación 49),Asco
No puedo creer que me hayan mentido de esa manera. (Variación 66),Enojo
No puedo creer que me hayan mentido de esa manera. (Variación 83),Enojo
Escuchar esos ruidos por la noche me da mucho miedo. (Variación 111),Miedo
Gané la lotería y puedo comprar la casa de mis sueños. (Variación 34),Felicidad
Gané la lotería y puedo comprar la casa de mis sueños. (Variación 52),Felicidad
"Perdí a mi mejor amigo, me siento muy solo. (Variación 116)",Tristeza
No puedo soportar el olor de la comida descompuesta. (Variación 63),Asco
No puedo creer que me hayan mentido de esa manera. (Variación 65),Enojo
Escuchar esos ruidos por la noche me da mucho miedo. (Variación 36),Miedo
"Perdí a mi mejor amigo, me siento muy solo. (Variación 129)",Tristeza
"Perdí a mi mejor amigo, me siento muy solo. (Variación 23)",Tristeza
No puedo soportar el olor de la comida descompuesta. (Variación 74),Asco
Gané la lotería y puedo comprar la casa de mis sueños. (Variación 34),Felicidad
¡Esa montaña rusa fue increíblemente emocionante! (Variación 145),Sorpresa
No puedo creer que me hayan mentido de esa manera. (Variación 118),Enojo
Gané la lotería y puedo comprar la casa de mis sueños. (Variación 83),Felicidad
¡Esa montaña rusa fue increíblemente emocionante! (Variación 55),Sorpresa
No puedo creer que me hayan mentido de esa manera. (Variación 6),Enojo
No puedo soportar el olor de la comida descompuesta. (Variación 103),Asco
¡Esa montaña rusa fue increíblemente emocionante! (Variación 17),Sorpresa
No puedo soportar el olor de la comida descompuesta. (Variación 73),Asco
¡Esa montaña rusa fue increíblemente emocionante! (Variación 119),Sorpresa
¡Esa montaña rusa fue increíblemente emocionante! (Variación 44),Sorpresa
¡Esa montaña rusa fue increíblemente emocionante! (Variación 44),Sorpresa
No puedo creer que me hayan mentido de esa manera. (Variación 37),Enojo
¡Esa montaña rusa fue increíblemente emocionante! (Variación 99),Sorpresa
Escuchar esos ruidos por la noche me da mucho miedo. (Variación 93),Miedo
No puedo creer que me hayan mentido de esa manera. (Variación 106),Enojo
No puedo soportar el olor de la comida descompuesta. (Variación 27),Asco
"Perdí a mi mejor amigo, me siento muy solo. (Variación 135)",Tristeza
Gané la lotería y puedo comprar la casa de mis sueños. (Variación 9),Felicidad
Gané la lotería y puedo comprar la casa de mis sueños. (Variación 14),Felicidad
Gané la lotería y puedo comprar la casa de mis sueños. (Variación 24),Felicidad
Escuchar esos ruidos por la noche me da mucho miedo. (Variación 62),Miedo
No puedo soportar el olor de la comida descompuesta. (Variación 66),Asco
"Perdí a mi mejor amigo, me siento muy solo. (Variación 15)",Tristeza
"Perdí a mi mejor amigo, me siento muy solo. (Variación 139)",Tristeza
"Perdí a mi mejor amigo, me siento muy solo. (Variación 11)",Tristeza
Gané la lotería y puedo comprar la casa de mis sueños. (Variación 59),Felicidad
"Perdí a mi mejor amigo, me siento muy solo. (Variación 6)",Tristeza
No puedo soportar el olor de la comida descompuesta. (Variación 96),Asco
No puedo soportar el olor de la comida descompuesta. (Variación 136),Asco
Gané la lotería y puedo comprar la casa de mis sueños. (Variación 52),Felicidad
Gané la lotería y puedo comprar la casa de mis sueños. (Variación 66),Felicidad
Gané la lotería y puedo comprar la casa de mis sueños. (Variación 146),Felicidad
No puedo creer que me hayan mentido de esa manera. (Variación 102),Enojo
¡Esa montaña rusa fue increíblemente emocionante! (Variación 118),Sorpresa
Escuchar esos ruidos por la noche me da mucho miedo. (Variación 134),Miedo
Escuchar esos ruidos por la noche me da mucho miedo. (Variación 111),Miedo
Gané la lotería y puedo comprar la casa de mis sueños. (Variación 49),Felicidad
Gané la lotería y puedo comprar la casa de mis sueños. (Variación 140),Felicidad
¡Esa montaña rusa fue increíblemente emocionante! (Variación 131),Sorpresa
No puedo soportar el olor de la comida descompuesta. (Variación 60),Asco
"Perdí a mi mejor amigo, me siento muy solo. (Variación 143)",Tristeza
"Perdí a mi mejor amigo, me siento muy solo. (Variación 92)",Tristeza
Escuchar esos ruidos por la noche me da mucho miedo. (Variación 126),Miedo
Gané la lotería y puedo comprar la casa de mis sueños. (Variación 108),Felicidad
Escuchar esos ruidos por la noche me da mucho miedo. (Variación 35),Miedo
Escuchar esos ruidos por la noche me da mucho miedo. (Variación 74),Miedo
No puedo creer que me hayan mentido de esa manera. (Variación 119),Enojo
"Perdí a mi mejor amigo, me siento muy solo. (Variación 35)",Tristeza
Escuchar esos ruidos por la noche me da mucho miedo. (Variación 122),Miedo
No puedo creer que me hayan mentido de esa manera. (Variación 81),Enojo
No puedo creer que me hayan mentido de esa manera. (Variación 101),Enojo
¡Esa montaña rusa fue increíblemente emocionante! (Variación 147),Sorpresa
Escuchar esos ruidos por la noche me da mucho miedo. (Variación 52),Miedo
No puedo soportar el olor de la comida descompuesta. (Variación 91),Asco
Gané la lotería y puedo comprar la casa de mis sueños. (Variación 32),Felicidad
Escuchar esos ruidos por la noche me da mucho miedo. (Variación 124),Miedo
"Perdí a mi mejor amigo, me siento muy solo. (Variación 9)",Tristeza
Escuchar esos ruidos por la noche me da mucho miedo. (Variación 34),Miedo
Gané la lotería y puedo comprar la casa de mis sueños. (Variación 94),Felicidad
¡Esa montaña rusa fue increíblemente emocionante! (Variación 136),Sorpresa
No puedo creer que me hayan mentido de esa manera. (Variación 75),Enojo
¡Esa montaña rusa fue increíblemente emocionante! (Variación 85),Sorpresa
No puedo creer que me hayan mentido de esa manera. (Variación 42),Enojo
Gané la lotería y puedo comprar la casa de mis sueños. (Variación 140),Felicidad
"Perdí a mi mejor amigo, me siento muy solo. (Variación 18)",Tristeza
No puedo creer que me hayan mentido de esa manera. (Variación 101),Enojo
No puedo creer que me hayan mentido de esa manera. (Variación 12),Enojo
"Perdí a mi mejor amigo, me siento muy solo. (Variación 37)",Tristeza
"Perdí a mi mejor amigo, me siento muy solo. (Variación 33)",Tristeza
Gané la lotería y puedo comprar la casa de mis sueños. (Variación 8),Felicidad
Escuchar esos ruidos por la noche me da mucho miedo. (Variación 109),Miedo
No puedo soportar el olor de la comida descompuesta. (Variación 41),Asco
Gané la lotería y puedo comprar la casa de mis sueños. (Variación 56),Felicidad
No puedo creer que me hayan mentido de esa manera. (Variación 131),Enojo
No puedo soportar el olor de la comida descompuesta. (Variación 45),Asco
¡Esa montaña rusa fue increíblemente emocionante! (Variación 82),Sorpresa
Gané la lotería y puedo comprar la casa de mis sueños. (Variación 19),Felicidad
"Perdí a mi mejor amigo, me siento muy solo. (Variación 105)",Tristeza
"Perdí a mi mejor amigo, me siento muy solo. (Variación 98)",Tristeza
No puedo creer que me hayan mentido de esa manera. (Variación 135),Enojo
No puedo soportar el olor de la comida descompuesta. (Variación 91),Asco
No puedo soportar el olor de la comida descompuesta. (Variación 47),Asco
"Perdí a mi mejor amigo, me siento muy solo. (Variación 59)",Tristeza
Gané la lotería y puedo comprar la casa de mis sueños. (Variación 38),Felicidad
Escuchar esos ruidos por la noche me da mucho miedo. (Variación 18),Miedo
"Perdí a mi mejor amigo, me siento muy solo. (Variación 49)",Tristeza
"Perdí a mi mejor amigo, me siento muy solo. (Variación 11)",Tristeza
No puedo creer que me hayan mentido de esa manera. (Variación 89),Enojo
No puedo creer que me hayan mentido de esa manera. (Variación 96),Enojo
Gané la lotería y puedo comprar la casa de mis sueños. (Variación 60),Felicidad
Escuchar esos ruidos por la noche me da mucho miedo. (Variación 120),Miedo
"Perdí a mi mejor amigo, me siento muy solo. (Variación 140)",Tristeza
Gané la lotería y puedo comprar la casa de mis sueños. (Variación 105),Felicidad
Gané la lotería y puedo comprar la casa de mis sueños. (Variación 123),Felicidad
"Perdí a mi mejor amigo, me siento muy solo. (Variación 68)",Tristeza
Gané la lotería y puedo comprar la casa de mis sueños. (Variación 86),Felicidad
Gané la lotería y puedo comprar la casa de mis sueños. (Variación 82),Felicidad
"Perdí a mi mejor amigo, me siento muy solo. (Variación 69)",Tristeza
"Perdí a mi mejor amigo, me siento muy solo. (Variación 82)",Tristeza
Gané la lotería y puedo comprar la casa de mis sueños. (Variación 46),Felicidad
No puedo soportar el olor de la comida descompuesta. (Variación 117),Asco
No puedo soportar el olor de la comida descompuesta. (Variación 95),Asco
"Perdí a mi mejor amigo, me siento muy solo. (Variación 54)",Tristeza
Escuchar esos ruidos por la noche me da mucho miedo. (Variación 52),Miedo
No puedo creer que me hayan mentido de esa manera. (Variación 25),Enojo
Escuchar esos ruidos por la noche me da mucho miedo. (Variación 33),Miedo
Escuchar esos ruidos por la noche me da mucho miedo. (Variación 112),Miedo
No puedo creer que me hayan mentido de esa manera. (Variación 79),Enojo
¡Esa montaña rusa fue increíblemente emocionante! (Variación 88),Sorpresa
No puedo soportar el olor de la comida descompuesta. (Variación 149),Asco
No puedo creer que me hayan mentido de esa manera. (Variación 19),Enojo
¡Esa montaña rusa fue increíblemente emocionante! (Variación 122),Sorpresa
No puedo creer que me hayan mentido de esa manera. (Variación 65),Enojo
Gané la lotería y puedo comprar la casa de mis sueños. (Variación 66),Felicidad
¡Esa montaña rusa fue increíblemente emocionante! (Variación 69),Sorpresa
No puedo soportar el olor de la comida descompuesta. (Variación 36),Asco
Escuchar esos ruidos por la noche me da mucho miedo. (Variación 69),Miedo
No puedo soportar el olor de la comida descompuesta. (Variación 68),Asco
No puedo creer que me hayan mentido de esa manera. (Variación 68),Enojo
No puedo creer que me hayan mentido de esa manera. (Variación 68),Enojo
No puedo soportar el olor de la comida descompuesta. (Variación 124),Asco
Gané la lotería y puedo comprar la casa de mis sueños. (Variación 93),Felicidad
Escuchar esos ruidos por la noche me da mucho miedo. (Variación 55),Miedo
Gané la lotería y puedo comprar la casa de mis sueños. (Variación 5),Felicidad
"Perdí a mi mejor amigo, me siento muy solo. (Variación 81)",Tristeza
¡Esa montaña rusa fue increíblemente emocionante! (Variación 33),Sorpresa
Gané la lotería y puedo comprar la casa de mis sueños. (Variación 94),Felicidad
¡Esa montaña rusa fue increíblemente emocionante! (Variación 51),Sorpresa
Gané la lotería y puedo comprar la casa de mis sueños. (Variación 48),Felicidad
Escuchar esos ruidos por la noche me da mucho miedo. (Variación 97),Miedo
¡Esa montaña rusa fue increíblemente emocionante! (Variación 104),Sorpresa
Gané la lotería y puedo comprar la casa de mis sueños. (Variación 10),Felicidad
No puedo soportar el olor de la comida descompuesta. (Variación 116),Asco
"Perdí a mi mejor amigo, me siento muy solo. (Variación 132)",Tristeza
"Perdí a mi mejor amigo, me siento muy solo. (Variación 95)",Tristeza
Escuchar esos ruidos por la noche me da mucho miedo. (Variación 92),Miedo
No puedo soportar el olor de la comida descompuesta. (Variación 69),Asco
¡Esa montaña rusa fue increíblemente emocionante! (Variación 134),Sorpresa
No puedo soportar el olor de la comida descompuesta. (Variación 99),Asco
Gané la lotería y puedo comprar la casa de mis sueños. (Variación 106),Felicidad
¡Esa montaña rusa fue increíblemente emocionante! (Variación 109),Sorpresa
No puedo soportar el olor de la comida descompuesta. (Variación 6),Asco
Gané la lotería y puedo comprar la casa de mis sueños. (Variación 49),Felicidad
"Perdí a mi mejor amigo, me siento muy solo. (Variación 133)",Tristeza
No puedo creer que me hayan mentido de esa manera. (Variación 103),Enojo
Escuchar esos ruidos por la noche me da mucho miedo. (Variación 21),Miedo
¡Esa montaña rusa fue increíblemente emocionante! (Variación 87),Sorpresa
¡Esa montaña rusa fue increíblemente emocionante! (Variación 110),Sorpresa
No puedo creer que me hayan mentido de esa manera. (Variación 132),Enojo
¡Esa montaña rusa fue increíblemente emocionante! (Variación 75),Sorpresa
No puedo creer que me hayan mentido de esa manera. (Variación 54),Enojo
Escuchar esos ruidos por la noche me da mucho miedo. (Variación 62),Miedo
Escuchar esos ruidos por la noche me da mucho miedo. (Variación 89),Miedo
"Perdí a mi mejor amigo, me siento muy solo. (Variación 15)",Tristeza
No puedo creer que me hayan mentido de esa manera. (Variación 8),Enojo
"Perdí a mi mejor amigo, me siento muy solo. (Variación 129)",Tristeza
"Perdí a mi mejor amigo, me siento muy solo. (Variación 71)",Tristeza
¡Esa montaña rusa fue increíblemente emocionante! (Variación 57),Sorpresa
"Perdí a mi mejor amigo, me siento muy solo. (Variación 22)",Tristeza
"Perdí a mi mejor amigo, me siento muy solo. (Variación 75)",Tristeza
"Perdí a mi mejor amigo, me siento muy solo. (Variación 122)",Tristeza
No puedo creer que me hayan mentido de esa manera. (Variación 63),Enojo
Escuchar esos ruidos por la noche me da mucho miedo. (Variación 19),Miedo
Escuchar esos ruidos por la noche me da mucho miedo. (Variación 35),Miedo
No puedo creer que me hayan mentido de esa manera. (Variación 117),Enojo
No puedo creer que me hayan mentido de esa manera. (Variación 89),Enojo
"Perdí a mi mejor amigo, me siento muy solo. (Variación 133)",Tristeza
"Perdí a mi mejor amigo, me siento muy solo. (Variación 44)",Tristeza
Escuchar esos ruidos por la noche me da mucho miedo. (Variación 87),Miedo
No puedo soportar el olor de la comida descompuesta. (Variación 115),Asco
Escuchar esos ruidos por la noche me da mucho miedo. (Variación 141),Miedo
No puedo soportar el olor de la comida descompuesta. (Variación 88),Asco
"Perdí a mi mejor amigo, me siento muy solo. (Variación 35)",Tristeza
Gané la lotería y puedo comprar la casa de mis sueños. (Variación 56),Felicidad
No puedo soportar el olor de la comida descompuesta. (Variación 96),Asco
¡Esa montaña rusa fue increíblemente emocionante! (Variación 125),Sorpresa
No puedo soportar el olor de la comida descompuesta. (Variación 43),Asco
Escuchar esos ruidos por la noche me da mucho miedo. (Variación 16),Miedo
Gané la lotería y puedo comprar la casa de mis sueños. (Variación 139),Felicidad
No puedo soportar el olor de la comida descompuesta. (Variación 44),Asco
Gané la lotería y puedo comprar la casa de mis sueños. (Variación 128),Felicidad
"Perdí a mi mejor amigo, me siento muy solo. (Variación 55)",Tristeza
"Perdí a mi mejor amigo, me siento muy solo. (Variación 116)",Tristeza
Escuchar esos ruidos por la noche me da mucho miedo. (Variación 118),Miedo
"Perdí a mi mejor amigo, me siento muy solo. (Variación 12)",Tristeza
No puedo soportar el olor de la comida descompuesta. (Variación 143),Asco
No puedo soportar el olor de la comida descompuesta. (Variación 42),Asco
Escuchar esos ruidos por la noche me da mucho miedo. (Variación 28),Miedo
Escuchar esos ruidos por la noche me da mucho miedo. (Variación 33),Miedo
¡Esa montaña rusa fue increíblemente emocionante! (Variación 83),Sorpresa
No puedo creer que me hayan mentido de esa manera. (Variación 123),Enojo
Gané la lotería y puedo comprar la casa de mis sueños. (Variación 116),Felicidad
No puedo soportar el olor de la comida descompuesta. (Variación 133),Asco
¡Esa montaña rusa fue increíblemente emocionante! (Variación 30),Sorpresa
"Perdí a mi mejor amigo, me siento muy solo. (Variación 101)",Tristeza
Gané la lotería y puedo comprar la casa de mis sueños. (Variación 38),Felicidad
No puedo creer que me hayan mentido de esa manera. (Variación 2),Enojo
No puedo soportar el olor de la comida descompuesta. (Variación 147),Asco
"Perdí a mi mejor amigo, me siento muy solo. (Variación 44)",Tristeza
Gané la lotería y puedo comprar la casa de mis sueños. (Variación 6),Felicidad
Escuchar esos ruidos por la noche me da mucho miedo. (Variación 141),Miedo
"Perdí a mi mejor amigo, me siento muy solo. (Variación 20)",Tristeza
¡Esa montaña rusa fue increíblemente emocionante! (Variación 37),Sorpresa
No puedo creer que me hayan mentido de esa manera. (Variación 62),Enojo
No puedo soportar el olor de la comida descompuesta. (Variación 27),Asco
"Perdí a mi mejor amigo, me siento muy solo. (Variación 124)",Tristeza
"Perdí a mi mejor amigo, me siento muy solo. (Variación 26)",Tristeza
¡Esa montaña rusa fue increíblemente emocionante! (Variación 50),Sorpresa
¡Esa montaña rusa fue increíblemente emocionante! (Variación 39),Sorpresa
"Perdí a mi mejor amigo, me siento muy solo. (Variación 33)",Tristeza
No puedo creer que me hayan mentido de esa manera. (Variación 107),Enojo
Gané la lotería y puedo comprar la casa de mis sueños. (Variación 33),Felicidad
No puedo creer que me hayan mentido de esa manera. (Variación 139),Enojo
"Perdí a mi mejor amigo, me siento muy solo. (Variación 65)",Tristeza
¡Esa montaña rusa fue increíblemente emocionante! (Variación 47),Sorpresa
¡Esa montaña rusa fue increíblemente emocionante! (Variación 16),Sorpresa
Gané la lotería y puedo comprar la casa de mis sueños. (Variación 142),Felicidad
No puedo soportar el olor de la comida descompuesta. (Variación 133),Asco
¡Esa montaña rusa fue increíblemente emocionante! (Variación 96),Sorpresa
Gané la lotería y puedo comprar la casa de mis sueños. (Variación 144),Felicidad
Escuchar esos ruidos por la noche me da mucho miedo. (Variación 110),Miedo
"Perdí a mi mejor amigo, me siento muy solo. (Variación 76)",Tristeza
No puedo soportar el olor de la comida descompuesta. (Variación 30),Asco
No puedo creer que me hayan mentido de esa manera. (Variación 98),Enojo
"Perdí a mi mejor amigo, me siento muy solo. (Variación 62)",Tristeza
No puedo soportar el olor de la comida descompuesta. (Variación 104),Asco
¡Esa montaña rusa fue increíblemente emocionante! (Variación 47),Sorpresa
No puedo creer que me hayan mentido de esa manera. (Variación 139),Enojo
No puedo creer que me hayan mentido de esa manera. (Variación 146),Enojo
No puedo creer que me hayan mentido de esa manera. (Variación 109),Enojo
"Perdí a mi mejor amigo, me siento muy solo. (Variación 28)",Tristeza
Escuchar esos ruidos por la noche me da mucho miedo. (Variación 103),Miedo
"Perdí a mi mejor amigo, me siento muy solo. (Variación 15)",Tristeza
Escuchar esos ruidos por la noche me da mucho miedo. (Variación 31),Miedo
No puedo creer que me hayan mentido de esa manera. (Variación 85),Enojo
No puedo soportar el olor de la comida descompuesta. (Variación 87),Asco
No puedo creer que me hayan mentido de esa manera. (Variación 120),Enojo
"Perdí a mi mejor amigo, me siento muy solo. (Variación 118)",Tristeza
Escuchar esos ruidos por la noche me da mucho miedo. (Variación 45),Miedo
Gané la lotería y puedo comprar la casa de mis sueños. (Variación 5),Felicidad
¡Esa montaña rusa fue increíblemente emocionante! (Variación 41),Sorpresa
Escuchar esos ruidos por la noche me da mucho miedo. (Variación 20),Miedo
No puedo soportar el olor de la comida descompuesta. (Variación 105),Asco
Gané la lotería y puedo comprar la casa de mis sueños. (Variación 148),Felicidad
"Perdí a mi mejor amigo, me siento muy solo. (Variación 52)",Tristeza
No puedo creer que me hayan mentido de esa manera. (Variación 93),Enojo
Escuchar esos ruidos por la noche me da mucho miedo. (Variación 129),Miedo
"Perdí a mi mejor amigo, me siento muy solo. (Variación 79)",Tristeza
"Perdí a mi mejor amigo, me siento muy solo. (Variación 103)",Tristeza
No puedo creer que me hayan mentido de esa manera. (Variación 71),Enojo
"Perdí a mi mejor amigo, me siento muy solo. (Variación 22)",Tristeza
¡Esa montaña rusa fue increíblemente emocionante! (Variación 65),Sorpresa
¡Esa montaña rusa fue increíblemente emocionante! (Variación 55),Sorpresa
No puedo soportar el olor de la comida descompuesta. (Variación 142),Asco
"Perdí a mi mejor amigo, me siento muy solo. (Variación 3)",Tristeza
¡Esa montaña rusa fue increíblemente emocionante! (Variación 103),Sorpresa
"Perdí a mi mejor amigo, me siento muy solo. (Variación 148)",Tristeza
No puedo creer que me hayan mentido de esa manera. (Variación 65),Enojo
No puedo creer que me hayan mentido de esa manera. (Variación 47),Enojo
"Perdí a mi mejor amigo, me siento muy solo. (Variación 70)",Tristeza
¡Esa montaña rusa fue increíblemente emocionante! (Variación 89),Sorpresa
Escuchar esos ruidos por la noche me da mucho miedo. (Variación 149),Miedo
Gané la lotería y puedo comprar la casa de mis sueños. (Variación 43),Felicidad
No puedo soportar el olor de la comida descompuesta. (Variación 60),Asco
Escuchar esos ruidos por la noche me da mucho miedo. (Variación 140),Miedo
No puedo soportar el olor de la comida descompuesta. (Variación 145),Asco
Gané la lotería y puedo comprar la casa de mis sueños. (Variación 49),Felicidad
No puedo soportar el olor de la comida descompuesta. (Variación 55),Asco
"Perdí a mi mejor amigo, me siento muy solo. (Variación 131)",Tristeza
Escuchar esos ruidos por la noche me da mucho miedo. (Variación 55),Miedo
No puedo creer que me hayan mentido de esa manera. (Variación 83),Enojo
Gané la lotería y puedo comprar la casa de mis sueños. (Variación 86),Felicidad
No puedo creer que me hayan mentido de esa manera. (Variación 2),Enojo
"Perdí a mi mejor amigo, me siento muy solo. (Variación 139)",Tristeza
No puedo creer que me hayan mentido de esa manera. (Variación 80),Enojo
No puedo creer que me hayan mentido de esa manera. (Variación 135),Enojo
No puedo soportar el olor de la comida descompuesta. (Variación 106),Asco
Escuchar esos ruidos por la noche me da mucho miedo. (Variación 106),Miedo
¡Esa montaña rusa fue increíblemente emocionante! (Variación 19),Sorpresa
No puedo creer que me hayan mentido de esa manera. (Variación 37),Enojo
"Perdí a mi mejor amigo, me siento muy solo. (Variación 4)",Tristeza
Gané la lotería y puedo comprar la casa de mis sueños. (Variación 147),Felicidad
Escuchar esos ruidos por la noche me da mucho miedo. (Variación 64),Miedo
Escuchar esos ruidos por la noche me da mucho miedo. (Variación 96),Miedo
¡Esa montaña rusa fue increíblemente emocionante! (Variación 17),Sorpresa
Gané la lotería y puedo comprar la casa de mis sueños. (Variación 39),Felicidad
No puedo creer que me hayan mentido de esa manera. (Variación 10),Enojo
¡Esa montaña rusa fue increíblemente emocionante! (Variación 92),Sorpresa
Escuchar esos ruidos por la noche me da mucho miedo.,Miedo
No puedo creer que me hayan mentido de esa manera. (Variación 59),Enojo
"Perdí a mi mejor amigo, me siento muy solo. (Variación 102)",Tristeza
Gané la lotería y puedo comprar la casa de mis sueños. (Variación 88),Felicidad
No puedo creer que me hayan mentido de esa manera. (Variación 84),Enojo
No puedo soportar el olor de la comida descompuesta. (Variación 131),Asco
Gané la lotería y puedo comprar la casa de mis sueños. (Variación 133),Felicidad
"Perdí a mi mejor amigo, me siento muy solo. (Variación 25)",Tristeza
¡Esa montaña rusa fue increíblemente emocionante! (Variación 54),Sorpresa
Escuchar esos ruidos por la noche me da mucho miedo. (Variación 143),Miedo
¡Esa montaña rusa fue increíblemente emocionante! (Variación 74),Sorpresa
"Perdí a mi mejor amigo, me siento muy solo. (Variación 13)",Tristeza
"Perdí a mi mejor amigo, me siento muy solo. (Variación 96)",Tristeza
"Perdí a mi mejor amigo, me siento muy solo. (Variación 40)",Tristeza
¡Esa montaña rusa fue increíblemente emocionante! (Variación 12),Sorpresa
¡Esa montaña rusa fue increíblemente emocionante! (Variación 131),Sorpresa
No puedo creer que me hayan mentido de esa manera. (Variación 20),Enojo
Gané la lotería y puedo comprar la casa de mis sueños. (Variación 33),Felicidad
No puedo creer que me hayan mentido de esa manera. (Variación 64),Enojo
Escuchar esos ruidos por la noche me da mucho miedo. (Variación 12),Miedo
"Perdí a mi mejor amigo, me siento muy solo. (Variación 48)",Tristeza
Gané la lotería y puedo comprar la casa de mis sueños. (Variación 37),Felicidad
Escuchar esos ruidos por la noche me da mucho miedo. (Variación 126),Miedo
"Perdí a mi mejor amigo, me siento muy solo. (Variación 93)",Tristeza
¡Esa montaña rusa fue increíblemente emocionante! (Variación 70),Sorpresa
Escuchar esos ruidos por la noche me da mucho miedo. (Variación 25),Miedo
¡Esa montaña rusa fue increíblemente emocionante! (Variación 48),Sorpresa
No puedo soportar el olor de la comida descompuesta. (Variación 47),Asco
"Perdí a mi mejor amigo, me siento muy solo. (Variación 62)",Tristeza
¡Esa montaña rusa fue increíblemente emocionante! (Variación 15),Sorpresa
"Perdí a mi mejor amigo, me siento muy solo. (Variación 55)",Tristeza
No puedo soportar el olor de la comida descompuesta. (Variación 52),Asco
"Perdí a mi mejor amigo, me siento muy solo. (Variación 132)",Tristeza
Escuchar esos ruidos por la noche me da mucho miedo. (Variación 11),Miedo
No puedo creer que me hayan mentido de esa manera. (Variación 71),Enojo
No puedo soportar el olor de la comida descompuesta. (Variación 42),Asco
"Perdí a mi mejor amigo, me siento muy solo. (Variación 105)",Tristeza
No puedo creer que me hayan mentido de esa manera. (Variación 87),Enojo
No puedo creer que me hayan mentido de esa manera. (Variación 89),Enojo
"Perdí a mi mejor amigo, me siento muy solo. (Variación 9)",Tristeza
¡Esa montaña rusa fue increíblemente emocionante! (Variación 110),Sorpresa
"Perdí a mi mejor amigo, me siento muy solo. (Variación 40)",Tristeza
Gané la lotería y puedo comprar la casa de mis sueños. (Variación 141),Felicidad
No puedo soportar el olor de la comida descompuesta. (Variación 20),Asco
No puedo creer que me hayan mentido de esa manera. (Variación 20),Enojo
"Perdí a mi mejor amigo, me siento muy solo. (Variación 146)",Tristeza
"Perdí a mi mejor amigo, me siento muy solo. (Variación 73)",Tristeza
No puedo soportar el olor de la comida descompuesta. (Variación 102),Asco
¡Esa montaña rusa fue increíblemente emocionante! (Variación 9),Sorpresa
Gané la lotería y puedo comprar la casa de mis sueños. (Variación 2),Felicidad
Gané la lotería y puedo comprar la casa de mis sueños. (Variación 149),Felicidad
"Perdí a mi mejor amigo, me siento muy solo. (Variación 4)",Tristeza
Escuchar esos ruidos por la noche me da mucho miedo. (Variación 100),Miedo
No puedo soportar el olor de la comida descompuesta. (Variación 149),Asco
No puedo creer que me hayan mentido de esa manera. (Variación 6),Enojo
Gané la lotería y puedo comprar la casa de mis sueños. (Variación 107),Felicidad
No puedo creer que me hayan mentido de esa manera. (Variación 55),Enojo
Escuchar esos ruidos por la noche me da mucho miedo. (Variación 40),Miedo
No puedo creer que me hayan mentido de esa manera. (Variación 31),Enojo
"Perdí a mi mejor amigo, me siento muy solo. (Variación 49)",Tristeza
Escuchar esos ruidos por la noche me da mucho miedo. (Variación 59),Miedo
Escuchar esos ruidos por la noche me da mucho miedo. (Variación 65),Miedo
No puedo creer que me hayan mentido de esa manera. (Variación 20),Enojo
Escuchar esos ruidos por la noche me da mucho miedo. (Variación 64),Miedo
¡Esa montaña rusa fue increíblemente emocionante! (Variación 100),Sorpresa
No puedo soportar el olor de la comida descompuesta. (Variación 27),Asco
"Perdí a mi mejor amigo, me siento muy solo. (Variación 83)",Tristeza
¡Esa montaña rusa fue increíblemente emocionante! (Variación 70),Sorpresa
No puedo soportar el olor de la comida descompuesta. (Variación 48),Asco
No puedo creer que me hayan mentido de esa manera. (Variación 36),Enojo
No puedo creer que me hayan mentido de esa manera. (Variación 83),Enojo
No puedo soportar el olor de la comida descompuesta. (Variación 149),Asco
No puedo creer que me hayan mentido de esa manera. (Variación 9),Enojo
No puedo soportar el olor de la comida descompuesta. (Variación 19),Asco
Escuchar esos ruidos por la noche me da mucho miedo. (Variación 94),Miedo
¡Esa montaña rusa fue increíblemente emocionante! (Variación 46),Sorpresa
"Perdí a mi mejor amigo, me siento muy solo. (Variación 111)",Tristeza
¡Esa montaña rusa fue increíblemente emocionante! (Variación 87),Sorpresa
No puedo creer que me hayan mentido de esa manera. (Variación 118),Enojo
¡Esa montaña rusa fue increíblemente emocionante! (Variación 141),Sorpresa
No puedo creer que me hayan mentido de esa manera. (Variación 15),Enojo
Gané la lotería y puedo comprar la casa de mis sueños. (Variación 27),Felicidad
No puedo creer que me hayan mentido de esa manera. (Variación 43),Enojo
Escuchar esos ruidos por la noche me da mucho miedo. (Variación 38),Miedo
Escuchar esos ruidos por la noche me da mucho miedo. (Variación 16),Miedo
¡Esa montaña rusa fue increíblemente emocionante! (Variación 76),Sorpresa
"Perdí a mi mejor amigo, me siento muy solo. (Variación 64)",Tristeza
Gané la lotería y puedo comprar la casa de mis sueños. (Variación 93),Felicidad
Escuchar esos ruidos por la noche me da mucho miedo. (Variación 142),Miedo
No puedo creer que me hayan mentido de esa manera. (Variación 133),Enojo
No puedo soportar el olor de la comida descompuesta. (Variación 130),Asco
Escuchar esos ruidos por la noche me da mucho miedo. (Variación 96),Miedo
Gané la lotería y puedo comprar la casa de mis sueños. (Variación 59),Felicidad
¡Esa montaña rusa fue increíblemente emocionante! (Variación 90),Sorpresa
Gané la lotería y puedo comprar la casa de mis sueños. (Variación 11),Felicidad
"Perdí a mi mejor amigo, me siento muy solo. (Variación 69)",Tristeza
"Perdí a mi mejor amigo, me siento muy solo. (Variación 121)",Tristeza
"Perdí a mi mejor amigo, me siento muy solo. (Variación 64)",Tristeza
¡Esa montaña rusa fue increíblemente emocionante! (Variación 124),Sorpresa
Escuchar esos ruidos por la noche me da mucho miedo. (Variación 4),Miedo
¡Esa montaña rusa fue increíblemente emocionante! (Variación 117),Sorpresa
¡Esa montaña rusa fue increíblemente emocionante! (Variación 25),Sorpresa
"Perdí a mi mejor amigo, me siento muy solo. (Variación 142)",Tristeza
¡Esa montaña rusa fue increíblemente emocionante! (Variación 52),Sorpresa
"Perdí a mi mejor amigo, me siento muy solo. (Variación 94)",Tristeza
Escuchar esos ruidos por la noche me da mucho miedo. (Variación 80),Miedo
No puedo creer que me hayan mentido de esa manera. (Variación 115),Enojo
No puedo soportar el olor de la comida descompuesta. (Variación 48),Asco
¡Esa montaña rusa fue increíblemente emocionante! (Variación 70),Sorpresa
"Perdí a mi mejor amigo, me siento muy solo. (Variación 20)",Tristeza
"Perdí a mi mejor amigo, me siento muy solo. (Variación 6)",Tristeza
"Perdí a mi mejor amigo, me siento muy solo. (Variación 11)",Tristeza
¡Esa montaña rusa fue increíblemente emocionante! (Variación 58),Sorpresa
No puedo creer que me hayan mentido de esa manera. (Variación 118),Enojo
Gané la lotería y puedo comprar la casa de mis sueños. (Variación 147),Felicidad
No puedo creer que me hayan mentido de esa manera. (Variación 132),Enojo
No puedo soportar el olor de la comida descompuesta. (Variación 55),Asco
¡Esa montaña rusa fue increíblemente emocionante! (Variación 92),Sorpresa
No puedo soportar el olor de la comida descompuesta. (Variación 25),Asco
Escuchar esos ruidos por la noche me da mucho miedo. (Variación 98),Miedo
"Perdí a mi mejor amigo, me siento muy solo. (Variación 18)",Tristeza
Escuchar esos ruidos por la noche me da mucho miedo. (Variación 66),Miedo
Gané la lotería y puedo comprar la casa de mis sueños. (Variación 114),Felicidad
"Perdí a mi mejor amigo, me siento muy solo. (Variación 121)",Tristeza
Gané la lotería y puedo comprar la casa de mis sueños. (Variación 40),Felicidad
No puedo creer que me hayan mentido de esa manera. (Variación 68),Enojo
¡Esa montaña rusa fue increíblemente emocionante! (Variación 146),Sorpresa
Gané la lotería y puedo comprar la casa de mis sueños. (Variación 68),Felicidad
Gané la lotería y puedo comprar la casa de mis sueños. (Variación 119),Felicidad
Escuchar esos ruidos por la noche me da mucho miedo. (Variación 79),Miedo
No puedo creer que me hayan mentido de esa manera. (Variación 39),Enojo
Gané la lotería y puedo comprar la casa de mis sueños. (Variación 44),Felicidad
Gané la lotería y puedo comprar la casa de mis sueños. (Variación 126),Felicidad
No puedo creer que me hayan mentido de esa manera. (Variación 103),Enojo
¡Esa montaña rusa fue increíblemente emocionante! (Variación 29),Sorpresa
No puedo creer que me hayan mentido de esa manera. (Variación 98),Enojo
"Perdí a mi mejor amigo, me siento muy solo. (Variación 47)",Tristeza
No puedo soportar el olor de la comida descompuesta. (Variación 102),Asco
"Perdí a mi mejor amigo, me siento muy solo. (Variación 10)",Tristeza
Escuchar esos ruidos por la noche me da mucho miedo. (Variación 143),Miedo
No puedo soportar el olor de la comida descompuesta. (Variación 72),Asco
No puedo soportar el olor de la comida descompuesta. (Variación 137),Asco
No puedo creer que me hayan mentido de esa manera. (Variación 18),Enojo
No puedo creer que me hayan mentido de esa manera. (Variación 51),Enojo
¡Esa montaña rusa fue increíblemente emocionante! (Variación 88),Sorpresa
¡Esa montaña rusa fue increíblemente emocionante! (Variación 59),Sorpresa
No puedo soportar el olor de la comida descompuesta. (Variación 119),Asco
No puedo creer que me hayan mentido de esa manera. (Variación 142),Enojo
¡Esa montaña rusa fue increíblemente emocionante! (Variación 64),Sorpresa
Gané la lotería y puedo comprar la casa de mis sueños. (Variación 88),Felicidad
¡Esa montaña rusa fue increíblemente emocionante! (Variación 75),Sorpresa
No puedo creer que me hayan mentido de esa manera. (Variación 81),Enojo
Gané la lotería y puedo comprar la casa de mis sueños. (Variación 17),Felicidad
Escuchar esos ruidos por la noche me da mucho miedo. (Variación 70),Miedo
Escuchar esos ruidos por la noche me da mucho miedo. (Variación 22),Miedo
"Perdí a mi mejor amigo, me siento muy solo. (Variación 123)",Tristeza
No puedo soportar el olor de la comida descompuesta. (Variación 88),Asco
"Perdí a mi mejor amigo, me siento muy solo. (Variación 50)",Tristeza
"Perdí a mi mejor amigo, me siento muy solo. (Variación 60)",Tristeza
No puedo creer que me hayan mentido de esa manera. (Variación 20),Enojo
¡Esa montaña rusa fue increíblemente emocionante! (Variación 135),Sorpresa
¡Esa montaña rusa fue increíblemente emocionante! (Variación 85),Sorpresa
No puedo soportar el olor de la comida descompuesta. (Variación 46),Asco
¡Esa montaña rusa fue increíblemente emocionante! (Variación 140),Sorpresa
Escuchar esos ruidos por la noche me da mucho miedo. (Variación 57),Miedo
No puedo creer que me hayan mentido de esa manera. (Variación 98),Enojo
Escuchar esos ruidos por la noche me da mucho miedo. (Variación 59),Miedo
No puedo soportar el olor de la comida descompuesta. (Variación 19),Asco
Escuchar esos ruidos por la noche me da mucho miedo. (Variación 80),Miedo
No puedo soportar el olor de la comida descompuesta. (Variación 112),Asco
Gané la lotería y puedo comprar la casa de mis sueños. (Variación 145),Felicidad
Gané la lotería y puedo comprar la casa de mis sueños. (Variación 22),Felicidad
Escuchar esos ruidos por la noche me da mucho miedo. (Variación 122),Miedo
"Perdí a mi mejor amigo, me siento muy solo. (Variación 136)",Tristeza
Escuchar esos ruidos por la noche me da mucho miedo. (Variación 122),Miedo
No puedo creer que me hayan mentido de esa manera. (Variación 129),Enojo
No puedo creer que me hayan mentido de esa manera. (Variación 117),Enojo
Escuchar esos ruidos por la noche me da mucho miedo. (Variación 107),Miedo
"Perdí a mi mejor amigo, me siento muy solo. (Variación 81)",Tristeza
Escuchar esos ruidos por la noche me da mucho miedo. (Variación 3),Miedo
Escuchar esos ruidos por la noche me da mucho miedo. (Variación 40),Miedo
Escuchar esos ruidos por la noche me da mucho miedo. (Variación 140),Miedo
No puedo soportar el olor de la comida descompuesta. (Variación 113),Asco
No puedo soportar el olor de la comida descompuesta. (Variación 35),Asco
Escuchar esos ruidos por la noche me da mucho miedo. (Variación 13),Miedo
Escuchar esos ruidos por la noche me da mucho miedo. (Variación 33),Miedo
No puedo soportar el olor de la comida descompuesta. (Variación 132),Asco
Escuchar esos ruidos por la noche me da mucho miedo. (Variación 77),Miedo
No puedo soportar el olor de la comida descompuesta. (Variación 143),Asco
No puedo creer que me hayan mentido de esa manera. (Variación 130),Enojo
No puedo soportar el olor de la comida descompuesta. (Variación 98),Asco
¡Esa montaña rusa fue increíblemente emocionante! (Variación 122),Sorpresa
No puedo creer que me hayan mentido de esa manera. (Variación 19),Enojo
No puedo soportar el olor de la comida descompuesta. (Variación 91),Asco
Escuchar esos ruidos por la noche me da mucho miedo.,Miedo
Gané la lotería y puedo comprar la casa de mis sueños. (Variación 56),Felicidad
No puedo soportar el olor de la comida descompuesta. (Variación 78),Asco
"Perdí a mi mejor amigo, me siento muy solo. (Variación 114)",Tristeza
Gané la lotería y puedo comprar la casa de mis sueños. (Variación 35),Felicidad
Gané la lotería y puedo comprar la casa de mis sueños. (Variación 134),Felicidad
Gané la lotería y puedo comprar la casa de mis sueños. (Variación 94),Felicidad
Escuchar esos ruidos por la noche me da mucho miedo. (Variación 135),Miedo
"Perdí a mi mejor amigo, me siento muy solo. (Variación 143)",Tristeza
No puedo creer que me hayan mentido de esa manera. (Variación 33),Enojo
Escuchar esos ruidos por la noche me da mucho miedo. (Variación 26),Miedo
No puedo soportar el olor de la comida descompuesta. (Variación 23),Asco
"Perdí a mi mejor amigo, me siento muy solo. (Variación 47)",Tristeza
No puedo creer que me hayan mentido de esa manera. (Variación 65),Enojo
Gané la lotería y puedo comprar la casa de mis sueños. (Variación 93),Felicidad
No puedo soportar el olor de la comida descompuesta. (Variación 64),Asco
"Perdí a mi mejor amigo, me siento muy solo. (Variación 62)",Tristeza
Escuchar esos ruidos por la noche me da mucho miedo. (Variación 64),Miedo
¡Esa montaña rusa fue increíblemente emocionante! (Variación 107),Sorpresa
"Perdí a mi mejor amigo, me siento muy solo. (Variación 69)",Tristeza
¡Esa montaña rusa fue increíblemente emocionante! (Variación 97),Sorpresa
Gané la lotería y puedo comprar la casa de mis sueños. (Variación 68),Felicidad
"Perdí a mi mejor amigo, me siento muy solo. (Variación 39)",Tristeza
Escuchar esos ruidos por la noche me da mucho miedo. (Variación 10),Miedo
No puedo creer que me hayan mentido de esa manera. (Variación 14),Enojo
Escuchar esos ruidos por la noche me da mucho miedo. (Variación 137),Miedo
¡Esa montaña rusa fue increíblemente emocionante! (Variación 123),Sorpresa
¡Esa montaña rusa fue increíblemente emocionante! (Variación 45),Sorpresa
¡Esa montaña rusa fue increíblemente emocionante! (Variación 2),Sorpresa
¡Esa montaña rusa fue increíblemente emocionante! (Variación 102),Sorpresa
Escuchar esos ruidos por la noche me da mucho miedo. (Variación 34),Miedo
¡Esa montaña rusa fue increíblemente emocionante! (Variación 120),Sorpresa
No puedo creer que me hayan mentido de esa manera. (Variación 141),Enojo
No puedo creer que me hayan mentido de esa manera. (Variación 12),Enojo
No puedo creer que me hayan mentido de esa manera. (Variación 24),Enojo
No puedo soportar el olor de la comida descompuesta. (Variación 62),Asco
Gané la lotería y puedo comprar la casa de mis sueños. (Variación 117),Felicidad
"Perdí a mi mejor amigo, me siento muy solo. (Variación 94)",Tristeza
Gané la lotería y puedo comprar la casa de mis sueños. (Variación 107),Felicidad
No puedo soportar el olor de la comida descompuesta. (Variación 12),Asco
¡Esa montaña rusa fue increíblemente emocionante! (Variación 93),Sorpresa
No puedo soportar el olor de la comida descompuesta. (Variación 66),Asco
No puedo soportar el olor de la comida descompuesta. (Variación 46),Asco
Gané la lotería y puedo comprar la casa de mis sueños. (Variación 145),Felicidad
"Perdí a mi mejor amigo, me siento muy solo. (Variación 24)",Tristeza
"Perdí a mi mejor amigo, me siento muy solo. (Variación 62)",Tristeza
¡Esa montaña rusa fue increíblemente emocionante! (Variación 67),Sorpresa
Gané la lotería y puedo comprar la casa de mis sueños. (Variación 139),Felicidad
Escuchar esos ruidos por la noche me da mucho miedo. (Variación 139),Miedo
¡Esa montaña rusa fue increíblemente emocionante! (Variación 120),Sorpresa
¡Esa montaña rusa fue increíblemente emocionante! (Variación 138),Sorpresa
No puedo creer que me hayan mentido de esa manera. (Variación 27),Enojo
Escuchar esos ruidos por la noche me da mucho miedo. (Variación 78),Miedo
No puedo soportar el olor de la comida descompuesta. (Variación 107),Asco
Escuchar esos ruidos por la noche me da mucho miedo. (Variación 96),Miedo
Escuchar esos ruidos por la noche me da mucho miedo. (Variación 126),Miedo
No puedo soportar el olor de la comida descompuesta. (Variación 143),Asco
"Perdí a mi mejor amigo, me siento muy solo. (Variación 32)",Tristeza
"Perdí a mi mejor amigo, me siento muy solo. (Variación 144)",Tristeza
¡Esa montaña rusa fue increíblemente emocionante! (Variación 26),Sorpresa
Gané la lotería y puedo comprar la casa de mis sueños. (Variación 36),Felicidad
Gané la lotería y puedo comprar la casa de mis sueños. (Variación 3),Felicidad
No puedo creer que me hayan mentido de esa manera. (Variación 144),Enojo
No puedo soportar el olor de la comida descompuesta. (Variación 114),Asco
Escuchar esos ruidos por la noche me da mucho miedo. (Variación 21),Miedo
"Perdí a mi mejor amigo, me siento muy solo. (Variación 93)",Tristeza
"Perdí a mi mejor amigo, me siento muy solo. (Variación 143)",Tristeza
"Perdí a mi mejor amigo, me siento muy solo. (Variación 144)",Tristeza
Escuchar esos ruidos por la noche me da mucho miedo. (Variación 126),Miedo
No puedo soportar el olor de la comida descompuesta. (Variación 11),Asco
Gané la lotería y puedo comprar la casa de mis sueños. (Variación 126),Felicidad
No puedo creer que me hayan mentido de esa manera. (Variación 8),Enojo
"Perdí a mi mejor amigo, me siento muy solo. (Variación 19)",Tristeza
Escuchar esos ruidos por la noche me da mucho miedo. (Variación 40),Miedo
¡Esa montaña rusa fue increíblemente emocionante! (Variación 78),Sorpresa
Gané la lotería y puedo comprar la casa de mis sueños. (Variación 122),Felicidad
No puedo soportar el olor de la comida descompuesta. (Variación 93),Asco
¡Esa montaña rusa fue increíblemente emocionante! (Variación 141),Sorpresa
No puedo creer que me hayan mentido de esa manera. (Variación 37),Enojo
¡Esa montaña rusa fue increíblemente emocionante! (Variación 20),Sorpresa
No puedo soportar el olor de la comida descompuesta. (Variación 50),Asco
Escuchar esos ruidos por la noche me da mucho miedo. (Variación 110),Miedo
No puedo soportar el olor de la comida descompuesta. (Variación 55),Asco
¡Esa montaña rusa fue increíblemente emocionante! (Variación 65),Sorpresa
Gané la lotería y puedo comprar la casa de mis sueños.,Felicidad
Escuchar esos ruidos por la noche me da mucho miedo. (Variación 16),Miedo
¡Esa montaña rusa fue increíblemente emocionante! (Variación 84),Sorpresa
No puedo creer que me hayan mentido de esa manera. (Variación 39),Enojo
¡Esa montaña rusa fue increíblemente emocionante! (Variación 101),Sorpresa
No puedo soportar el olor de la comida descompuesta. (Variación 108),Asco
¡Esa montaña rusa fue increíblemente emocionante! (Variación 56),Sorpresa
No puedo creer que me hayan mentido de esa manera. (Variación 89),Enojo
No puedo soportar el olor de la comida descompuesta. (Variación 127),Asco
No puedo soportar el olor de la comida descompuesta. (Variación 20),Asco
No puedo creer que me hayan mentido de esa manera.,Enojo
"Perdí a mi mejor amigo, me siento muy solo. (Variación 115)",Tristeza
¡Esa montaña rusa fue increíblemente emocionante! (Variación 77),Sorpresa
No puedo soportar el olor de la comida descompuesta. (Variación 104),Asco
"Perdí a mi mejor amigo, me siento muy solo. (Variación 54)",Tristeza
No puedo creer que me hayan mentido de esa manera. (Variación 59),Enojo
Gané la lotería y puedo comprar la casa de mis sueños. (Variación 113),Felicidad
"Perdí a mi mejor amigo, me siento muy solo. (Variación 111)",Tristeza
Gané la lotería y puedo comprar la casa de mis sueños. (Variación 52),Felicidad
Escuchar esos ruidos por la noche me da mucho miedo. (Variación 54),Miedo
No puedo creer que me hayan mentido de esa manera. (Variación 33),Enojo
¡Esa montaña rusa fue increíblemente emocionante! (Variación 81),Sorpresa
¡Esa montaña rusa fue increíblemente emocionante! (Variación 3),Sorpresa
Gané la lotería y puedo comprar la casa de mis sueños. (Variación 139),Felicidad
No puedo creer que me hayan mentido de esa manera. (Variación 19),Enojo
¡Esa montaña rusa fue increíblemente emocionante! (Variación 19),Sorpresa
Escuchar esos ruidos por la noche me da mucho miedo. (Variación 132),Miedo
Escuchar esos ruidos por la noche me da mucho miedo. (Variación 125),Miedo
No puedo creer que me hayan mentido de esa manera. (Variación 93),Enojo
No puedo soportar el olor de la comida descompuesta. (Variación 67),Asco
¡Esa montaña rusa fue increíblemente emocionante! (Variación 120),Sorpresa
Gané la lotería y puedo comprar la casa de mis sueños. (Variación 96),Felicidad
Gané la lotería y puedo comprar la casa de mis sueños. (Variación 15),Felicidad
No puedo creer que me hayan mentido de esa manera. (Variación 106),Enojo
¡Esa montaña rusa fue increíblemente emocionante! (Variación 107),Sorpresa
No puedo creer que me hayan mentido de esa manera. (Variación 32),Enojo
No puedo soportar el olor de la comida descompuesta. (Variación 26),Asco
¡Esa montaña rusa fue increíblemente emocionante! (Variación 136),Sorpresa
¡Esa montaña rusa fue increíblemente emocionante! (Variación 134),Sorpresa
No puedo creer que me hayan mentido de esa manera. (Variación 28),Enojo
No puedo creer que me hayan mentido de esa manera. (Variación 141),Enojo
"Perdí a mi mejor amigo, me siento muy solo. (Variación 121)",Tristeza
Gané la lotería y puedo comprar la casa de mis sueños. (Variación 125),Felicidad
Escuchar esos ruidos por la noche me da mucho miedo. (Variación 82),Miedo
No puedo soportar el olor de la comida descompuesta. (Variación 44),Asco
No puedo creer que me hayan mentido de esa manera. (Variación 9),Enojo
No puedo creer que me hayan mentido de esa manera. (Variación 41),Enojo
Escuchar esos ruidos por la noche me da mucho miedo. (Variación 36),Miedo
Escuchar esos ruidos por la noche me da mucho miedo. (Variación 58),Miedo
¡Esa montaña rusa fue increíblemente emocionante! (Variación 69),Sorpresa
No puedo creer que me hayan mentido de esa manera. (Variación 60),Enojo
No puedo soportar el olor de la comida descompuesta. (Variación 84),Asco
Escuchar esos ruidos por la noche me da mucho miedo. (Variación 82),Miedo
"Perdí a mi mejor amigo, me siento muy solo. (Variación 49)",Tristeza
Escuchar esos ruidos por la noche me da mucho miedo. (Variación 14),Miedo
Gané la lotería y puedo comprar la casa de mis sueños. (Variación 69),Felicidad
No puedo soportar el olor de la comida descompuesta. (Variación 98),Asco
"Perdí a mi mejor amigo, me siento muy solo. (Variación 8)",Tristeza
¡Esa montaña rusa fue increíblemente emocionante! (Variación 147),Sorpresa
¡Esa montaña rusa fue increíblemente emocionante! (Variación 27),Sorpresa
Gané la lotería y puedo comprar la casa de mis sueños. (Variación 111),Felicidad
No puedo soportar el olor de la comida descompuesta. (Variación 43),Asco
¡Esa montaña rusa fue increíblemente emocionante! (Variación 18),Sorpresa
"Perdí a mi mejor amigo, me siento muy solo. (Variación 117)",Tristeza
¡Esa montaña rusa fue increíblemente emocionante! (Variación 137),Sorpresa
"Perdí a mi mejor amigo, me siento muy solo. (Variación 7)",Tristeza
No puedo soportar el olor de la comida descompuesta. (Variación 94),Asco
Gané la lotería y puedo comprar la casa de mis sueños. (Variación 148),Felicidad
Gané la lotería y puedo comprar la casa de mis sueños. (Variación 41),Felicidad
No puedo creer que me hayan mentido de esa manera. (Variación 3),Enojo
¡Esa montaña rusa fue increíblemente emocionante! (Variación 6),Sorpresa
Gané la lotería y puedo comprar la casa de mis sueños. (Variación 81),Felicidad
¡Esa montaña rusa fue increíblemente emocionante! (Variación 16),Sorpresa
Gané la lotería y puedo comprar la casa de mis sueños. (Variación 34),Felicidad
Gané la lotería y puedo comprar la casa de mis sueños. (Variación 120),Felicidad
Escuchar esos ruidos por la noche me da mucho miedo. (Variación 112),Miedo
¡Esa montaña rusa fue increíblemente emocionante! (Variación 81),Sorpresa
¡Esa montaña rusa fue increíblemente emocionante! (Variación 90),Sorpresa
¡Esa montaña rusa fue increíblemente emocionante! (Variación 104),Sorpresa
No puedo soportar el olor de la comida descompuesta. (Variación 112),Asco
No puedo creer que me hayan mentido de esa manera. (Variación 143),Enojo
No puedo creer que me hayan mentido de esa manera. (Variación 34),Enojo
Gané la lotería y puedo comprar la casa de mis sueños. (Variación 142),Felicidad
No puedo creer que me hayan mentido de esa manera. (Variación 5),Enojo
"Perdí a mi mejor amigo, me siento muy solo. (Variación 48)",Tristeza
"Perdí a mi mejor amigo, me siento muy solo. (Variación 18)",Tristeza
Escuchar esos ruidos por la noche me da mucho miedo. (Variación 97),Miedo
Escuchar esos ruidos por la noche me da mucho miedo. (Variación 125),Miedo
Escuchar esos ruidos por la noche me da mucho miedo. (Variación 55),Miedo
"Perdí a mi mejor amigo, me siento muy solo. (Variación 51)",Tristeza
¡Esa montaña rusa fue increíblemente emocionante! (Variación 9),Sorpresa
No puedo creer que me hayan mentido de esa manera. (Variación 51),Enojo
¡Esa montaña rusa fue increíblemente emocionante! (Variación 127),Sorpresa
Escuchar esos ruidos por la noche me da mucho miedo. (Variación 144),Miedo
"Perdí a mi mejor amigo, me siento muy solo. (Variación 25)",Tristeza
No puedo soportar el olor de la comida descompuesta. (Variación 146),Asco
No puedo soportar el olor de la comida descompuesta. (Variación 48),Asco
Escuchar esos ruidos por la noche me da mucho miedo. (Variación 66),Miedo
"Perdí a mi mejor amigo, me siento muy solo. (Variación 49)",Tristeza
No puedo soportar el olor de la comida descompuesta. (Variación 99),Asco
Gané la lotería y puedo comprar la casa de mis sueños. (Variación 130),Felicidad
No puedo creer que me hayan mentido de esa manera. (Variación 91),Enojo
"Perdí a mi mejor amigo, me siento muy solo. (Variación 132)",Tristeza
"Perdí a mi mejor amigo, me siento muy solo. (Variación 98)",Tristeza
Gané la lotería y puedo comprar la casa de mis sueños. (Variación 1),Felicidad
Escuchar esos ruidos por la noche me da mucho miedo. (Variación 9),Miedo
Escuchar esos ruidos por la noche me da mucho miedo. (Variación 49),Miedo
¡Esa montaña rusa fue increíblemente emocionante! (Variación 9),Sorpresa
Gané la lotería y puedo comprar la casa de mis sueños. (Variación 102),Felicidad
No puedo soportar el olor de la comida descompuesta. (Variación 83),Asco
Escuchar esos ruidos por la noche me da mucho miedo. (Variación 58),Miedo
"Perdí a mi mejor amigo, me siento muy solo. (Variación 91)",Tristeza
¡Esa montaña rusa fue increíblemente emocionante! (Variación 70),Sorpresa
No puedo creer que me hayan mentido de esa manera. (Variación 76),Enojo
Gané la lotería y puedo comprar la casa de mis sueños. (Variación 139),Felicidad
Escuchar esos ruidos por la noche me da mucho miedo. (Variación 33),Miedo
Gané la lotería y puedo comprar la casa de mis sueños. (Variación 32),Felicidad
Escuchar esos ruidos por la noche me da mucho miedo. (Variación 33),Miedo
Escuchar esos ruidos por la noche me da mucho miedo. (Variación 21),Miedo
¡Esa montaña rusa fue increíblemente emocionante! (Variación 79),Sorpresa
No puedo creer que me hayan mentido de esa manera. (Variación 127),Enojo
No puedo soportar el olor de la comida descompuesta. (Variación 42),Asco
Gané la lotería y puedo comprar la casa de mis sueños. (Variación 56),Felicidad
¡Esa montaña rusa fue increíblemente emocionante! (Variación 130),Sorpresa
"Perdí a mi mejor amigo, me siento muy solo. (Variación 76)",Tristeza
¡Esa montaña rusa fue increíblemente emocionante! (Variación 88),Sorpresa
No puedo soportar el olor de la comida descompuesta. (Variación 69),Asco
No puedo creer que me hayan mentido de esa manera. (Variación 45),Enojo
No puedo creer que me hayan mentido de esa manera. (Variación 127),Enojo
Escuchar esos ruidos por la noche me da mucho miedo. (Variación 48),Miedo
Gané la lotería y puedo comprar la casa de mis sueños. (Variación 13),Felicidad
¡Esa montaña rusa fue increíblemente emocionante! (Variación 31),Sorpresa
¡Esa montaña rusa fue increíblemente emocionante! (Variación 114),Sorpresa
¡Esa montaña rusa fue increíblemente emocionante! (Variación 149),Sorpresa
No puedo creer que me hayan mentido de esa manera. (Variación 98),Enojo
No puedo creer que me hayan mentido de esa manera. (Variación 97),Enojo
"Perdí a mi mejor amigo, me siento muy solo. (Variación 35)",Tristeza
"Perdí a mi mejor amigo, me siento muy solo. (Variación 108)",Tristeza
No puedo soportar el olor de la comida descompuesta. (Variación 47),Asco
¡Esa montaña rusa fue increíblemente emocionante! (Variación 112),Sorpresa
Gané la lotería y puedo comprar la casa de mis sueños. (Variación 26),Felicidad
Gané la lotería y puedo comprar la casa de mis sueños. (Variación 110),Felicidad
"Perdí a mi mejor amigo, me siento muy solo. (Variación 61)",Tristeza
Gané la lotería y puedo comprar la casa de mis sueños. (Variación 128),Felicidad
No puedo creer que me hayan mentido de esa manera. (Variación 38),Enojo
No puedo creer que me hayan mentido de esa manera. (Variación 148),Enojo
Gané la lotería y puedo comprar la casa de mis sueños. (Variación 81),Felicidad
¡Esa montaña rusa fue increíblemente emocionante! (Variación 85),Sorpresa
¡Esa montaña rusa fue increíblemente emocionante! (Variación 52),Sorpresa
Gané la lotería y puedo comprar la casa de mis sueños. (Variación 112),Felicidad
Gané la lotería y puedo comprar la casa de mis sueños. (Variación 8),Felicidad
No puedo soportar el olor de la comida descompuesta. (Variación 79),Asco
No puedo creer que me hayan mentido de esa manera. (Variación 78),Enojo
No puedo creer que me hayan mentido de esa manera. (Variación 8),Enojo
"Perdí a mi mejor amigo, me siento muy solo. (Variación 22)",Tristeza
Gané la lotería y puedo comprar la casa de mis sueños. (Variación 73),Felicidad
Escuchar esos ruidos por la noche me da mucho miedo. (Variación 74),Miedo
¡Esa montaña rusa fue increíblemente emocionante! (Variación 62),Sorpresa
No puedo creer que me hayan mentido de esa manera. (Variación 66),Enojo
"Perdí a mi mejor amigo, me siento muy solo. (Variación 63)",Tristeza
No puedo soportar el olor de la comida descompuesta. (Variación 94),Asco
Gané la lotería y puedo comprar la casa de mis sueños. (Variación 71),Felicidad
No puedo creer que me hayan mentido de esa manera. (Variación 3),Enojo
Gané la lotería y puedo comprar la casa de mis sueños. (Variación 134),Felicidad
"Perdí a mi mejor amigo, me siento muy solo. (Variación 91)",Tristeza
"Perdí a mi mejor amigo, me siento muy solo. (Variación 12)",Tristeza
No puedo creer que me hayan mentido de esa manera. (Variación 31),Enojo
No puedo creer que me hayan mentido de esa manera. (Variación 124),Enojo
¡Esa montaña rusa fue increíblemente emocionante! (Variación 16),Sorpresa
No puedo soportar el olor de la comida descompuesta. (Variación 97),Asco
¡Esa montaña rusa fue increíblemente emocionante! (Variación 68),Sorpresa
¡Esa montaña rusa fue increíblemente emocionante! (Variación 69),Sorpresa
Gané la lotería y puedo comprar la casa de mis sueños. (Variación 133),Felicidad
Escuchar esos ruidos por la noche me da mucho miedo. (Variación 34),Miedo
No puedo creer que me hayan mentido de esa manera. (Variación 126),Enojo
Gané la lotería y puedo comprar la casa de mis sueños. (Variación 8),Felicidad
Escuchar esos ruidos por la noche me da mucho miedo. (Variación 35),Miedo
¡Esa montaña rusa fue increíblemente emocionante! (Variación 3),Sorpresa
¡Esa montaña rusa fue increíblemente emocionante! (Variación 56),Sorpresa
Escuchar esos ruidos por la noche me da mucho miedo. (Variación 68),Miedo
Gané la lotería y puedo comprar la casa de mis sueños. (Variación 96),Felicidad
No puedo creer que me hayan mentido de esa manera. (Variación 100),Enojo
¡Esa montaña rusa fue increíblemente emocionante! (Variación 2),Sorpresa
¡Esa montaña rusa fue increíblemente emocionante! (Variación 67),Sorpresa
Gané la lotería y puedo comprar la casa de mis sueños. (Variación 1),Felicidad
No puedo creer que me hayan mentido de esa manera. (Variación 39),Enojo
Gané la lotería y puedo comprar la casa de mis sueños. (Variación 58),Felicidad
"Perdí a mi mejor amigo, me siento muy solo. (Variación 46)",Tristeza
"Perdí a mi mejor amigo, me siento muy solo. (Variación 142)",Tristeza
"Perdí a mi mejor amigo, me siento muy solo. (Variación 147)",Tristeza
No puedo soportar el olor de la comida descompuesta. (Variación 59),Asco
Escuchar esos ruidos por la noche me da mucho miedo. (Variación 82),Miedo
No puedo creer que me hayan mentido de esa manera. (Variación 15),Enojo
No puedo soportar el olor de la comida descompuesta. (Variación 107),Asco
¡Esa montaña rusa fue increíblemente emocionante! (Variación 45),Sorpresa
Escuchar esos ruidos por la noche me da mucho miedo. (Variación 135),Miedo
No puedo creer que me hayan mentido de esa manera. (Variación 98),Enojo
Gané la lotería y puedo comprar la casa de mis sueños. (Variación 49),Felicidad
No puedo soportar el olor de la comida descompuesta. (Variación 65),Asco
No puedo soportar el olor de la comida descompuesta. (Variación 68),Asco
No puedo soportar el olor de la comida descompuesta. (Variación 45),Asco
No puedo soportar el olor de la comida descompuesta. (Variación 63),Asco
No puedo soportar el olor de la comida descompuesta. (Variación 97),Asco
No puedo creer que me hayan mentido de esa manera. (Variación 87),Enojo
Gané la lotería y puedo comprar la casa de mis sueños. (Variación 110),Felicidad
No puedo creer que me hayan mentido de esa manera. (Variación 18),Enojo
No puedo soportar el olor de la comida descompuesta. (Variación 111),Asco
Escuchar esos ruidos por la noche me da mucho miedo. (Variación 59),Miedo
No puedo soportar el olor de la comida descompuesta. (Variación 50),Asco
No puedo creer que me hayan mentido de esa manera. (Variación 88),Enojo
No puedo soportar el olor de la comida descompuesta. (Variación 70),Asco
No puedo creer que me hayan mentido de esa manera. (Variación 53),Enojo
No puedo creer que me hayan mentido de esa manera. (Variación 118),Enojo
"Perdí a mi mejor amigo, me siento muy solo. (Variación 76)",Tristeza
Escuchar esos ruidos por la noche me da mucho miedo. (Variación 8),Miedo
Gané la lotería y puedo comprar la casa de mis sueños. (Variación 9),Felicidad
Escuchar esos ruidos por la noche me da mucho miedo. (Variación 69),Miedo
Gané la lotería y puedo comprar la casa de mis sueños. (Variación 46),Felicidad
"Perdí a mi mejor amigo, me siento muy solo. (Variación 133)",Tristeza
No puedo creer que me hayan mentido de esa manera. (Variación 56),Enojo
"Perdí a mi mejor amigo, me siento muy solo. (Variación 106)",Tristeza
Gané la lotería y puedo comprar la casa de mis sueños. (Variación 128),Felicidad
Gané la lotería y puedo comprar la casa de mis sueños. (Variación 47),Felicidad
"Perdí a mi mejor amigo, me siento muy solo. (Variación 26)",Tristeza
Gané la lotería y puedo comprar la casa de mis sueños. (Variación 108),Felicidad
Escuchar esos ruidos por la noche me da mucho miedo. (Variación 111),Miedo
¡Esa montaña rusa fue increíblemente emocionante! (Variación 53),Sorpresa
No puedo soportar el olor de la comida descompuesta. (Variación 117),Asco
No puedo soportar el olor de la comida descompuesta. (Variación 72),Asco
"Perdí a mi mejor amigo, me siento muy solo. (Variación 57)",Tristeza
"Perdí a mi mejor amigo, me siento muy solo. (Variación 79)",Tristeza
No puedo soportar el olor de la comida descompuesta. (Variación 96),Asco
No puedo creer que me hayan mentido de esa manera. (Variación 24),Enojo
"Perdí a mi mejor amigo, me siento muy solo. (Variación 10)",Tristeza
Escuchar esos ruidos por la noche me da mucho miedo. (Variación 45),Miedo
